date,ticker,shares,cost_eur
2024-08-15,VWRA,52,6247.37
2024-09-11,VWRA,25,2988.91
2025-01-08,VWRA,23,3091.93
2025-02-11,VWCE,85,11820.91
2025-02-12,VWCE,30,4149.00
2025-02-20,VWCE,45,6250.02
2025-02-24,VWCE,40,5499.00
2025-02-24,VWRA,35,4791.02
2025-02-27,VWRA,30,4113.87
2025-03-03,VWCE,40,5460.60
2025-03-04,VWCE,30,3954.00
2025-11-27,VAGF,230,5497.70
2025-12-04,VAGF,220,5239.00
2026-05-21,VAGF,63.8297,1503.00
2026-05-22,VWCE,20,3221.00
2026-05-25,VAGF,64.17,1521.26
2026-05-25,VWCE,22,3579.76
2026-06-02,VAGF,150,3565.93
2026-06-02,VWCE,9,1477.33
2026-06-03,VWRA,45,7386.61
2026-06-05,VWRA,45,7377.43
2026-07-06,VWRA,45,7463.30
2026-07-07,VWCE,9,1486.34
2026-07-08,VAGF,150,3547.94
2026-07-17,VWRA,45,7347.01
2026-07-29,VWRA,45,7257.60
2026-08-13,VAGF,150,3534.44